{
  "IcoMoonType": "selection",
  "icons": [
    {
      "icon": {
        "paths": [
          "M731.429 348.571q-32 14.286-69.143 19.429 38.857-22.857 53.143-66.857-37.143 21.714-76.571 29.143-34.857-37.714-87.429-37.714-49.714 0-84.857 35.143t-35.143 84.857q0 16.571 2.857 27.429-73.714-4-138.286-37.143t-109.714-88.571q-16.571 28.571-16.571 60.571 0 65.143 52 100-26.857-0.571-57.143-14.857v1.143q0 42.857 28.571 76.286t70.286 41.429q-16.571 4.571-29.143 4.571-7.429 0-22.286-2.286 12 36 42.571 59.429t69.429 24q-66.286 51.429-149.143 51.429-14.857 0-28.571-1.714 84.571 53.714 184 53.714 64 0 120-20.286t96-54.286 68.857-78.286 42.857-92.571 14-96.286q0-10.286-0.571-15.429 36-25.714 60-62.286zM877.714 237.714v548.571q0 68-48.286 116.286t-116.286 48.286h-548.571q-68 0-116.286-48.286t-48.286-116.286v-548.571q0-68 48.286-116.286t116.286-48.286h548.571q68 0 116.286 48.286t48.286 116.286z"
        ],
        "width": 877.7129821777344,
        "attrs": [],
        "isMulticolor": false,
        "isMulticolor2": false,
        "tags": [
          "twitter-square"
        ],
        "defaultCode": 61569,
        "grid": 14
      },
      "attrs": [],
      "properties": {
        "name": "twitter-square",
        "id": 121,
        "order": 17,
        "prevSize": 32,
        "code": 61569
      },
      "setIdx": 0,
      "setId": 3,
      "iconIdx": 121
    },
    {
      "icon": {
        "paths": [
          "M713.143 73.143q68 0 116.286 48.286t48.286 116.286v548.571q0 68-48.286 116.286t-116.286 48.286h-107.429v-340h113.714l17.143-132.571h-130.857v-84.571q0-32 13.429-48t52.286-16l69.714-0.571v-118.286q-36-5.143-101.714-5.143-77.714 0-124.286 45.714t-46.571 129.143v97.714h-114.286v132.571h114.286v340h-304q-68 0-116.286-48.286t-48.286-116.286v-548.571q0-68 48.286-116.286t116.286-48.286h548.571z"
        ],
        "width": 877.7150573730469,
        "attrs": [],
        "isMulticolor": false,
        "isMulticolor2": false,
        "tags": [
          "facebook-square"
        ],
        "defaultCode": 61570,
        "grid": 14
      },
      "attrs": [],
      "properties": {
        "name": "facebook-square",
        "id": 122,
        "order": 18,
        "prevSize": 32,
        "code": 61570
      },
      "setIdx": 0,
      "setId": 3,
      "iconIdx": 122
    },
    {
      "icon": {
        "paths": [
          "M925.714 233.143q-38.286 56-92.571 95.429 0.571 8 0.571 24 0 74.286-21.714 148.286t-66 142-105.429 120.286-147.429 83.429-184.571 31.143q-154.857 0-283.429-82.857 20 2.286 44.571 2.286 128.571 0 229.143-78.857-60-1.143-107.429-36.857t-65.143-91.143q18.857 2.857 34.857 2.857 24.571 0 48.571-6.286-64-13.143-106-63.714t-42-117.429v-2.286q38.857 21.714 83.429 23.429-37.714-25.143-60-65.714t-22.286-88q0-50.286 25.143-93.143 69.143 85.143 168.286 136.286t212.286 56.857q-4.571-21.714-4.571-42.286 0-76.571 54-130.571t130.571-54q80 0 134.857 58.286 62.286-12 117.143-44.571-21.143 65.714-81.143 101.714 53.143-5.714 106.286-28.571z"
        ],
        "width": 950.8560180664062,
        "attrs": [],
        "isMulticolor": false,
        "isMulticolor2": false,
        "tags": [
          "twitter"
        ],
        "defaultCode": 61593,
        "grid": 14
      },
      "attrs": [],
      "properties": {
        "name": "twitter",
        "id": 144,
        "order": 16,
        "prevSize": 32,
        "code": 61593
      },
      "setIdx": 0,
      "setId": 3,
      "iconIdx": 144
    },
    {
      "icon": {
        "paths": [
          "M548 6.857v150.857h-89.714q-49.143 0-66.286 20.571t-17.143 61.714v108h167.429l-22.286 169.143h-145.143v433.714h-174.857v-433.714h-145.714v-169.143h145.714v-124.571q0-106.286 59.429-164.857t158.286-58.571q84 0 130.286 6.857z"
        ],
        "width": 602.2870178222656,
        "attrs": [],
        "isMulticolor": false,
        "isMulticolor2": false,
        "tags": [
          "facebook",
          "facebook-f"
        ],
        "defaultCode": 61594,
        "grid": 14
      },
      "attrs": [],
      "properties": {
        "name": "facebook",
        "id": 145,
        "order": 22,
        "prevSize": 32,
        "code": 61594
      },
      "setIdx": 0,
      "setId": 3,
      "iconIdx": 145
    },
    {
      "icon": {
        "paths": [
          "M524 517.143q0-14.857-3.429-36.571h-206.857v75.429h124q-1.714 13.714-9.429 28.571t-21.429 30.286-38 25.429-55.143 10q-56.571 0-96.571-40.571t-40-97.714 40-97.714 96.571-40.571q52.571 0 87.429 33.714l59.429-57.714q-61.714-57.143-146.857-57.143-91.429 0-155.429 64.286t-64 155.143 64 155.143 155.429 64.286q94.286 0 152.286-60t58-154.286zM721.143 543.429h62.286v-62.857h-62.286v-62.857h-62.857v62.857h-62.857v62.857h62.857v62.857h62.857v-62.857zM877.714 237.714v548.571q0 68-48.286 116.286t-116.286 48.286h-548.571q-68 0-116.286-48.286t-48.286-116.286v-548.571q0-68 48.286-116.286t116.286-48.286h548.571q68 0 116.286 48.286t48.286 116.286z"
        ],
        "width": 877.7129821777344,
        "attrs": [],
        "isMulticolor": false,
        "isMulticolor2": false,
        "tags": [
          "google-plus-square"
        ],
        "defaultCode": 61652,
        "grid": 14
      },
      "attrs": [],
      "properties": {
        "name": "google-plus-square",
        "id": 187,
        "order": 14,
        "prevSize": 32,
        "code": 61652
      },
      "setIdx": 0,
      "setId": 3,
      "iconIdx": 187
    },
    {
      "icon": {
        "paths": [
          "M821.143 521.714q0 118.857-49.714 211.714t-141.714 145.143-210.857 52.286q-85.143 0-162.857-33.143t-133.714-89.143-89.143-133.714-33.143-162.857 33.143-162.857 89.143-133.714 133.714-89.143 162.857-33.143q163.429 0 280.571 109.714l-113.714 109.143q-66.857-64.571-166.857-64.571-70.286 0-130 35.429t-94.571 96.286-34.857 132.857 34.857 132.857 94.571 96.286 130 35.429q47.429 0 87.143-13.143t65.429-32.857 44.857-44.857 28-47.429 12.286-42.286h-237.714v-144h395.429q6.857 36 6.857 69.714zM1316.571 452v120h-119.429v119.429h-120v-119.429h-119.429v-120h119.429v-119.429h120v119.429h119.429z"
        ],
        "width": 1316.5720977783203,
        "attrs": [],
        "isMulticolor": false,
        "isMulticolor2": false,
        "tags": [
          "google-plus"
        ],
        "defaultCode": 61653,
        "grid": 14
      },
      "attrs": [],
      "properties": {
        "name": "google-plus",
        "id": 188,
        "order": 24,
        "prevSize": 32,
        "code": 61653
      },
      "setIdx": 0,
      "setId": 3,
      "iconIdx": 188
    },
    {
      "icon": {
        "paths": [
          "M300.571 796.571q0 30.286-21.429 51.714t-51.714 21.429q-29.714 0-51.429-21.714t-21.714-51.429q0-30.286 21.429-51.714t51.714-21.429 51.714 21.429 21.429 51.714zM585.143 914.286q0 30.286-21.429 51.714t-51.714 21.429-51.714-21.429-21.429-51.714 21.429-51.714 51.714-21.429 51.714 21.429 21.429 51.714zM182.857 512q0 30.286-21.429 51.714t-51.714 21.429-51.714-21.429-21.429-51.714 21.429-51.714 51.714-21.429 51.714 21.429 21.429 51.714zM869.714 796.571q0 29.714-21.714 51.429t-51.429 21.714q-30.286 0-51.714-21.429t-21.429-51.714 21.429-51.714 51.714-21.429 51.714 21.429 21.429 51.714zM318.857 227.429q0 37.714-26.857 64.571t-64.571 26.857-64.571-26.857-26.857-64.571 26.857-64.571 64.571-26.857 64.571 26.857 26.857 64.571zM987.429 512q0 30.286-21.429 51.714t-51.714 21.429-51.714-21.429-21.429-51.714 21.429-51.714 51.714-21.429 51.714 21.429 21.429 51.714zM621.714 109.714q0 45.714-32 77.714t-77.714 32-77.714-32-32-77.714 32-77.714 77.714-32 77.714 32 32 77.714zM924.571 227.429q0 53.143-37.714 90.571t-90.286 37.429q-53.143 0-90.571-37.429t-37.429-90.571q0-52.571 37.429-90.286t90.571-37.714q52.571 0 90.286 37.714t37.714 90.286z"
        ],
        "width": 1024,
        "attrs": [],
        "isMulticolor": false,
        "isMulticolor2": false,
        "tags": [
          "spinner"
        ],
        "defaultCode": 61712,
        "grid": 14
      },
      "attrs": [],
      "properties": {
        "name": "spinner",